{"swagger":"2.0","info":{"title":"Default title","description":"Create Name and Job","version":"1.0"},"host":"reqres.in","basePath":"/","schemes":["https"],"consumes":[],"produces":[],"paths":{"/api/users":{"post":{"responses":{"default":{"description":"default","schema":{"type":"object","properties":{"name":{"type":"string","description":"name"},"job":{"type":"string","description":"job"},"id":{"type":"string","description":"id"},"createdAt":{"type":"string","description":"createdAt"}}}}},"summary":"CreateNameandJob","description":"Creates a Name Entry and a Job Entry","operationId":"CreateName","parameters":[{"name":"body","in":"body","required":false,"schema":{"type":"object","properties":{"name":{"type":"string","description":"name"},"job":{"type":"string","description":"job"}}}}]}}},"definitions":{},"parameters":{},"responses":{},"securityDefinitions":{},"security":[],"tags":[]}