﻿<?xml version="1.0" encoding="utf-8"?>
<ImportExportXml xmlns:xsi="http://www.w3.org/2001/XMLSchema-instance">
  <Entities />
  <Roles />
  <Workflows>
    <Workflow WorkflowId="{8839ea06-f0bc-eb11-8236-000d3a5bf14a}" Name="SubmitUserData">
      <JsonFileName>/Workflows/SubmitUserData-8839EA06-F0BC-EB11-8236-000D3A5BF14A.json</JsonFileName>
      <Type>1</Type>
      <Subprocess>0</Subprocess>
      <Category>5</Category>
      <Mode>0</Mode>
      <Scope>4</Scope>
      <OnDemand>0</OnDemand>
      <TriggerOnCreate>0</TriggerOnCreate>
      <TriggerOnDelete>0</TriggerOnDelete>
      <AsyncAutodelete>0</AsyncAutodelete>
      <SyncWorkflowLogOnFailure>0</SyncWorkflowLogOnFailure>
      <StateCode>0</StateCode>
      <StatusCode>1</StatusCode>
      <RunAs>1</RunAs>
      <IsTransacted>1</IsTransacted>
      <IntroducedVersion>1.0.0.0</IntroducedVersion>
      <IsCustomizable>1</IsCustomizable>
      <IsCustomProcessingStepAllowedForOtherPublishers>1</IsCustomProcessingStepAllowedForOtherPublishers>
      <PrimaryEntity>none</PrimaryEntity>
      <LocalizedNames>
        <LocalizedName languagecode="1033" description="SubmitUserData" />
      </LocalizedNames>
    </Workflow>
  </Workflows>
  <FieldSecurityProfiles />
  <Templates />
  <EntityMaps />
  <EntityRelationships />
  <OrganizationSettings />
  <optionsets />
  <CustomControls>
    <CustomControl>
      <Name>tst_tstControl.mytestcontrol</Name>
      <FileName>/Controls/tst_tstControl.mytestcontrol/ControlManifest.xml</FileName>
    </CustomControl>
  </CustomControls>
  <AppModuleSiteMaps>
    <AppModuleSiteMap>
      <SiteMapUniqueName>tst_Mytestmodelapp</SiteMapUniqueName>
      <EnableCollapsibleGroups>False</EnableCollapsibleGroups>
      <ShowHome>True</ShowHome>
      <ShowPinned>True</ShowPinned>
      <ShowRecents>True</ShowRecents>
      <SiteMap IntroducedVersion="7.0.0.0">
        <Area Id="NewArea_e6a4933b" ResourceId="SitemapDesigner.NewTitle" DescriptionResourceId="SitemapDesigner.NewTitle" ShowGroups="true" IntroducedVersion="7.0.0.0">
          <Titles>
            <Title LCID="1033" Title="Area1" />
          </Titles>
          <Group Id="NewGroup_b4104903" ResourceId="SitemapDesigner.NewGroup" DescriptionResourceId="SitemapDesigner.NewGroup" IntroducedVersion="7.0.0.0" IsProfile="false" ToolTipResourseId="SitemapDesigner.Unknown">
            <Titles>
              <Title LCID="1033" Title="Group1" />
            </Titles>
            <SubArea Id="NewSubarea_51ef962b" ResourceId="SitemapDesigner.NewSubArea" Icon="/_imgs/imagestrips/transparent_spacer.gif" Client="All,Outlook,OutlookLaptopClient,OutlookWorkstationClient,Web" AvailableOffline="true" PassParams="false" Sku="All,OnPremise,Live,SPLA">
              <Titles>
                <Title LCID="1033" Title="Subarea1" />
              </Titles>
            </SubArea>
          </Group>
        </Area>
      </SiteMap>
      <LocalizedNames>
        <LocalizedName description="Mytestmodelapp" languagecode="1033" />
      </LocalizedNames>
    </AppModuleSiteMap>
  </AppModuleSiteMaps>
  <AppModules>
    <AppModule>
      <UniqueName>tst_Mytestmodelapp</UniqueName>
      <IntroducedVersion>1.0.0.0</IntroducedVersion>
      <WebResourceId>953b9fac-1e5e-e611-80d6-00155ded156f</WebResourceId>
      <OptimizedFor></OptimizedFor>
      <statecode>0</statecode>
      <statuscode>1</statuscode>
      <FormFactor>1</FormFactor>
      <ClientType>4</ClientType>
      <NavigationType>0</NavigationType>
      <AppModuleComponents>
        <AppModuleComponent type="1" schemaName="connection" />
        <AppModuleComponent type="1" schemaName="connectionreference" />
        <AppModuleComponent type="1" schemaName="connectionrole" />
        <AppModuleComponent type="1" schemaName="connector" />
        <AppModuleComponent type="62" schemaName="tst_Mytestmodelapp" />
      </AppModuleComponents>
      <AppModuleRoleMaps>
        <Role id="{627090ff-40a3-4053-8790-584edc5be201}" />
        <Role id="{119f245c-3cc8-4b62-b31c-d1a046ced15d}" />
      </AppModuleRoleMaps>
      <LocalizedNames>
        <LocalizedName description="Mytestmodelapp" languagecode="1033" />
      </LocalizedNames>
    </AppModule>
  </AppModules>
  <EntityDataProviders />
  <CanvasApps>
    <CanvasApp>
      <Name>tst_accountapp_01cb1</Name>
      <AppVersion>2021-07-19T21:21:37Z</AppVersion>
      <Status>Ready</Status>
      <CreatedByClientVersion>3.21064.25.0</CreatedByClientVersion>
      <MinClientVersion>3.21064.25.0</MinClientVersion>
      <Tags>{"primaryDeviceWidth":"640","primaryDeviceHeight":"1136","sienaVersion":"20210719T212137Z-3.21064.25.0","deviceCapabilities":"","supportsPortrait":"true","supportsLandscape":"true","primaryFormFactor":"Phone","publisherVersion":"3.21064.25","minimumRequiredApiVersion":"2.2.0","hasComponent":"false","hasUnlockedComponent":"false","isUnifiedRootApp":"false"}</Tags>
      <IsCdsUpgraded>0</IsCdsUpgraded>
      <GalleryItemId xsi:nil="true"></GalleryItemId>
      <BackgroundColor>rgba(0, 176, 240, 1)</BackgroundColor>
      <DisplayName>Account App</DisplayName>
      <Description xsi:nil="true"></Description>
      <CommitMessage xsi:nil="true"></CommitMessage>
      <Publisher xsi:nil="true"></Publisher>
      <AuthorizationReferences>[]</AuthorizationReferences>
      <ConnectionReferences>{}</ConnectionReferences>
      <DatabaseReferences>{"default.cds":{"databaseDetails":{"referenceType":"NotSpecified","environmentName":"default.cds","overrideValues":{"status":"NotSpecified"}},"dataSources":{"Accounts":{"entitySetName":"accounts","logicalName":"account"}}}}</DatabaseReferences>
      <AppComponents>[]</AppComponents>
      <AppComponentDependencies>[]</AppComponentDependencies>
      <CanConsumeAppPass>1</CanConsumeAppPass>
      <CanvasAppType>0</CanvasAppType>
      <BypassConsent>0</BypassConsent>
      <AdminControlBypassConsent>0</AdminControlBypassConsent>
      <EmbeddedApp xsi:nil="true"></EmbeddedApp>
      <IntroducedVersion>1.0</IntroducedVersion>
      <CdsDependencies>{"cdsdependencies":[{"logicalname":"account","componenttype":1}]}</CdsDependencies>
      <IsCustomizable>1</IsCustomizable>
      <BackgroundImageUri>/CanvasApps/tst_accountapp_01cb1_BackgroundImageUri</BackgroundImageUri>
      <DocumentUri>/CanvasApps/tst_accountapp_01cb1_DocumentUri.msapp</DocumentUri>
    </CanvasApp>
    <CanvasApp>
      <Name>tst_app_e8d09</Name>
      <AppVersion>2021-08-09T20:42:01Z</AppVersion>
      <Status>Ready</Status>
      <CreatedByClientVersion>3.21051.29.0</CreatedByClientVersion>
      <MinClientVersion>3.21051.29.0</MinClientVersion>
      <Tags>{"primaryDeviceWidth":"640","primaryDeviceHeight":"1136","sienaVersion":"20210624T213011Z-3.21051.29.0","deviceCapabilities":"","supportsPortrait":"true","supportsLandscape":"false","primaryFormFactor":"Phone","publisherVersion":"3.21051.29","minimumRequiredApiVersion":"2.2.0","hasComponent":"false","hasUnlockedComponent":"false","isUnifiedRootApp":"false"}</Tags>
      <IsCdsUpgraded>0</IsCdsUpgraded>
      <GalleryItemId xsi:nil="true"></GalleryItemId>
      <BackgroundColor>rgba(0, 176, 240, 1)</BackgroundColor>
      <DisplayName>App</DisplayName>
      <Description></Description>
      <CommitMessage></CommitMessage>
      <Publisher></Publisher>
      <AuthorizationReferences>[]</AuthorizationReferences>
      <ConnectionReferences>{}</ConnectionReferences>
      <DatabaseReferences>{}</DatabaseReferences>
      <CanvasAppType>0</CanvasAppType>
      <BypassConsent>0</BypassConsent>
      <EmbeddedApp xsi:nil="true"></EmbeddedApp>
      <IntroducedVersion>1.0</IntroducedVersion>
      <CdsDependencies xsi:nil="true"></CdsDependencies>
      <IsCustomizable>1</IsCustomizable>
      <BackgroundImageUri>/CanvasApps/tst_app_e8d09_BackgroundImageUri</BackgroundImageUri>
      <DocumentUri>/CanvasApps/tst_app_e8d09_DocumentUri.msapp</DocumentUri>
    </CanvasApp>
    <CanvasApp>
      <Name>tst_myestimatorapp_8a99c</Name>
      <AppVersion>2021-10-09T23:47:23Z</AppVersion>
      <Status>Ready</Status>
      <CreatedByClientVersion>3.21093.33.0</CreatedByClientVersion>
      <MinClientVersion>3.21093.33.0</MinClientVersion>
      <Tags>{"primaryDeviceWidth":"640","primaryDeviceHeight":"1136","sienaVersion":"20211009T234723Z-3.21093.33.0","deviceCapabilities":"webcam","supportsPortrait":"true","supportsLandscape":"false","primaryFormFactor":"Phone","publisherVersion":"3.21093.33","minimumRequiredApiVersion":"2.2.0","hasComponent":"false","hasUnlockedComponent":"false","isUnifiedRootApp":"false"}</Tags>
      <IsCdsUpgraded>0</IsCdsUpgraded>
      <GalleryItemId xsi:nil="true"></GalleryItemId>
      <BackgroundColor>RGBA(0,176,240,1)</BackgroundColor>
      <DisplayName>MyEstimatorApp</DisplayName>
      <Description xsi:nil="true"></Description>
      <CommitMessage xsi:nil="true"></CommitMessage>
      <Publisher xsi:nil="true"></Publisher>
      <AuthorizationReferences>[]</AuthorizationReferences>
      <ConnectionReferences>{"99b9910c-d9b3-48a8-850e-c43d03776923":{"id":"/providers/microsoft.powerapps/apis/shared_excel","displayName":"Excel","iconUri":"https://connectoricons-prod.azureedge.net/releases/v1.0.1518/1.0.1518.2564/excel/icon.png","dataSources":["Jobs","Filters","Rooms","Floorings","FlooringSummary","Photo"],"dependencies":["900b781c-c957-4bb9-931a-039030d646f5"],"dependents":[],"parameterHints":{"900b781c-c957-4bb9-931a-039030d646f5":{"value":"fileSource"}},"parameterHintsV2":{"fileSource":{"value":"900b781c-c957-4bb9-931a-039030d646f5"}},"isOnPremiseConnection":false,"dataSets":{"b!FKD48SnMwkiQquwCvEhBuFbtK_1Yc6NOiNCn_VBrSz06Qq2xtlVsQ5IFVrJbPN80.01WWEI5KDZLQR7SMAGCJAJYJNANVYRPKFN":{"dataSources":{"Jobs":{"tableName":"Jobs"},"Filters":{"tableName":"Filters"},"Rooms":{"tableName":"Rooms"},"Floorings":{"tableName":"Floorings"},"FlooringSummary":{"tableName":"FlooringSummary"},"Photo":{"tableName":"Photo"}}}},"apiTier":"Standard","actions":["providers/PowerPlatform.Governance/Operations/Read","providers/PowerPlatform.Governance/Operations/Write","providers/PowerPlatform.Governance/Operations/Delete"]},"900b781c-c957-4bb9-931a-039030d646f5":{"id":"/providers/microsoft.powerapps/apis/shared_onedriveforbusiness","displayName":"OneDrive for Business","iconUri":"https://connectoricons-prod.azureedge.net/depfeife/special-train/1.0.1489.2478/onedriveforbusiness/icon.png","dataSources":[],"dependencies":[],"dependents":["99b9910c-d9b3-48a8-850e-c43d03776923"],"parameterHints":{},"parameterHintsV2":{},"isOnPremiseConnection":false,"dataSets":{},"apiTier":"Standard"}}</ConnectionReferences>
      <DatabaseReferences>{}</DatabaseReferences>
      <AppComponents>[]</AppComponents>
      <AppComponentDependencies>[]</AppComponentDependencies>
      <CanConsumeAppPass>1</CanConsumeAppPass>
      <CanvasAppType>0</CanvasAppType>
      <BypassConsent>0</BypassConsent>
      <AdminControlBypassConsent>0</AdminControlBypassConsent>
      <EmbeddedApp xsi:nil="true"></EmbeddedApp>
      <IntroducedVersion>1.0</IntroducedVersion>
      <CdsDependencies>{"cdsdependencies":[]}</CdsDependencies>
      <IsCustomizable>1</IsCustomizable>
      <BackgroundImageUri>/CanvasApps/tst_myestimatorapp_8a99c_BackgroundImageUri</BackgroundImageUri>
      <DocumentUri>/CanvasApps/tst_myestimatorapp_8a99c_DocumentUri.msapp</DocumentUri>
    </CanvasApp>
  </CanvasApps>
  <Connectors>
    <Connector>
      <connectorid>16a51a64-7c48-434f-8165-e01dd88867ca</connectorid>
      <description>Import from "ToyotaLogisticsSystem" Function App</description>
      <displayname>toyotalogisticssystem</displayname>
      <iconbrandcolor>#007ee5</iconbrandcolor>
      <name>new_5Ftoyotalogisticssystem</name>
      <connectortype>1</connectortype>
      <openapidefinition>/Connector/new_5Ftoyotalogisticssystem_openapidefinition.json</openapidefinition>
      <connectionparameters>/Connector/new_5Ftoyotalogisticssystem_connectionparameters.json</connectionparameters>
      <policytemplateinstances>/Connector/new_5Ftoyotalogisticssystem_policytemplateinstances.json</policytemplateinstances>
      <iconblob>/Connector/new_5Ftoyotalogisticssystem_iconblob.Jpeg</iconblob>
    </Connector>
    <Connector>
      <connectorid>b8a74948-172c-412d-acfd-fc542d88462d</connectorid>
      <description>Create Name and Job</description>
      <displayname>CreateUserandJob</displayname>
      <iconbrandcolor>#007ee5</iconbrandcolor>
      <name>tst_5Fcreateuserandjob</name>
      <connectortype>1</connectortype>
      <openapidefinition>/Connector/tst_5Fcreateuserandjob_openapidefinition.json</openapidefinition>
      <connectionparameters>/Connector/tst_5Fcreateuserandjob_connectionparameters.json</connectionparameters>
      <policytemplateinstances>/Connector/tst_5Fcreateuserandjob_policytemplateinstances.json</policytemplateinstances>
      <iconblob>/Connector/tst_5Fcreateuserandjob_iconblob.Png</iconblob>
    </Connector>
    <Connector>
      <connectorid>60377e95-bf05-ec11-94ef-00224826a90b</connectorid>
      <description>A sample API with information related to a technical conference.  The available resources  include *Speakers*, *Sessions* and *Topics*.  A single write operation is available to provide  feedback on a session.</description>
      <displayname>democonfapi5</displayname>
      <iconbrandcolor>#007ee5</iconbrandcolor>
      <name>new_5Fconfapi5</name>
      <connectortype>1</connectortype>
      <openapidefinition>/Connector/new_5Fconfapi5_openapidefinition.json</openapidefinition>
      <connectionparameters>/Connector/new_5Fconfapi5_connectionparameters.json</connectionparameters>
      <policytemplateinstances>/Connector/new_5Fconfapi5_policytemplateinstances.json</policytemplateinstances>
      <iconblob>/Connector/new_5Fconfapi5_iconblob.Png</iconblob>
    </Connector>
  </Connectors>
  <connectionreferences>
    <connectionreference connectionreferencelogicalname="tst_sharedtst5fcreateuserandjob5ffeb85c4c63870282_b4cc7">
      <connectionreferencedisplayname>CreateUserandJobConnectionRef</connectionreferencedisplayname>
      <connectorid>/providers/Microsoft.PowerApps/apis/shared_tst-5fcreateuserandjob-5ff805fab2693f57dc</connectorid>
      <customconnectorid>
        <connectorid>b8a74948-172c-412d-acfd-fc542d88462d</connectorid>
      </customconnectorid>
      <iscustomizable>1</iscustomizable>
      <statecode>0</statecode>
      <statuscode>1</statuscode>
    </connectionreference>
    <connectionreference connectionreferencelogicalname="tst_SharepointSiteURL">
      <connectionreferencedisplayname>SharepointSiteURL</connectionreferencedisplayname>
      <connectorid>/providers/Microsoft.PowerApps/apis/shared_sharepointonline</connectorid>
      <iscustomizable>1</iscustomizable>
      <statecode>0</statecode>
      <statuscode>1</statuscode>
    </connectionreference>
    <connectionreference connectionreferencelogicalname="tyt_AzureDevopsConnRef">
      <connectionreferencedisplayname>Azure Devops Conn Ref</connectionreferencedisplayname>
      <connectorid>/providers/Microsoft.PowerApps/apis/shared_visualstudioteamservices</connectorid>
      <iscustomizable>1</iscustomizable>
      <statecode>0</statecode>
      <statuscode>1</statuscode>
    </connectionreference>
    <connectionreference connectionreferencelogicalname="tyt_GHConn">
      <connectionreferencedisplayname>GHConn</connectionreferencedisplayname>
      <connectorid>/providers/Microsoft.PowerApps/apis/shared_github</connectorid>
      <description>GH connector</description>
      <iscustomizable>1</iscustomizable>
      <statecode>0</statecode>
      <statuscode>1</statuscode>
    </connectionreference>
  </connectionreferences>
  <Languages>
    <Language>1033</Language>
  </Languages>
</ImportExportXml>