﻿<?xml version="1.0" encoding="utf-8"?>
<ImportExportXml version="9.2.21091.139" SolutionPackageVersion="9.2" languagecode="1033" generatedBy="CrmLive" xmlns:xsi="http://www.w3.org/2001/XMLSchema-instance">
  <SolutionManifest>
    <UniqueName>mytestsoln</UniqueName>
    <LocalizedNames>
      <LocalizedName description="mytestsoln" languagecode="1033" />
    </LocalizedNames>
    <Descriptions />
    <Version>1.0.0.0</Version>
    <Managed>0</Managed>
    <Publisher>
      <UniqueName>testsolution</UniqueName>
      <LocalizedNames>
        <LocalizedName description="testsolution" languagecode="1033" />
      </LocalizedNames>
      <Descriptions />
      <EMailAddress xsi:nil="true"></EMailAddress>
      <SupportingWebsiteUrl xsi:nil="true"></SupportingWebsiteUrl>
      <CustomizationPrefix>tst</CustomizationPrefix>
      <CustomizationOptionValuePrefix>86595</CustomizationOptionValuePrefix>
      <Addresses>
        <Address>
          <AddressNumber>1</AddressNumber>
          <AddressTypeCode>1</AddressTypeCode>
          <City xsi:nil="true"></City>
          <County xsi:nil="true"></County>
          <Country xsi:nil="true"></Country>
          <Fax xsi:nil="true"></Fax>
          <FreightTermsCode xsi:nil="true"></FreightTermsCode>
          <ImportSequenceNumber xsi:nil="true"></ImportSequenceNumber>
          <Latitude xsi:nil="true"></Latitude>
          <Line1 xsi:nil="true"></Line1>
          <Line2 xsi:nil="true"></Line2>
          <Line3 xsi:nil="true"></Line3>
          <Longitude xsi:nil="true"></Longitude>
          <Name xsi:nil="true"></Name>
          <PostalCode xsi:nil="true"></PostalCode>
          <PostOfficeBox xsi:nil="true"></PostOfficeBox>
          <PrimaryContactName xsi:nil="true"></PrimaryContactName>
          <ShippingMethodCode>1</ShippingMethodCode>
          <StateOrProvince xsi:nil="true"></StateOrProvince>
          <Telephone1 xsi:nil="true"></Telephone1>
          <Telephone2 xsi:nil="true"></Telephone2>
          <Telephone3 xsi:nil="true"></Telephone3>
          <TimeZoneRuleVersionNumber xsi:nil="true"></TimeZoneRuleVersionNumber>
          <UPSZone xsi:nil="true"></UPSZone>
          <UTCOffset xsi:nil="true"></UTCOffset>
          <UTCConversionTimeZoneCode xsi:nil="true"></UTCConversionTimeZoneCode>
        </Address>
        <Address>
          <AddressNumber>2</AddressNumber>
          <AddressTypeCode>1</AddressTypeCode>
          <City xsi:nil="true"></City>
          <County xsi:nil="true"></County>
          <Country xsi:nil="true"></Country>
          <Fax xsi:nil="true"></Fax>
          <FreightTermsCode xsi:nil="true"></FreightTermsCode>
          <ImportSequenceNumber xsi:nil="true"></ImportSequenceNumber>
          <Latitude xsi:nil="true"></Latitude>
          <Line1 xsi:nil="true"></Line1>
          <Line2 xsi:nil="true"></Line2>
          <Line3 xsi:nil="true"></Line3>
          <Longitude xsi:nil="true"></Longitude>
          <Name xsi:nil="true"></Name>
          <PostalCode xsi:nil="true"></PostalCode>
          <PostOfficeBox xsi:nil="true"></PostOfficeBox>
          <PrimaryContactName xsi:nil="true"></PrimaryContactName>
          <ShippingMethodCode>1</ShippingMethodCode>
          <StateOrProvince xsi:nil="true"></StateOrProvince>
          <Telephone1 xsi:nil="true"></Telephone1>
          <Telephone2 xsi:nil="true"></Telephone2>
          <Telephone3 xsi:nil="true"></Telephone3>
          <TimeZoneRuleVersionNumber xsi:nil="true"></TimeZoneRuleVersionNumber>
          <UPSZone xsi:nil="true"></UPSZone>
          <UTCOffset xsi:nil="true"></UTCOffset>
          <UTCConversionTimeZoneCode xsi:nil="true"></UTCConversionTimeZoneCode>
        </Address>
      </Addresses>
    </Publisher>
    <RootComponents>
      <RootComponent type="29" id="{8839ea06-f0bc-eb11-8236-000d3a5bf14a}" behavior="0" />
      <RootComponent type="62" schemaName="tst_Mytestmodelapp" behavior="0" />
      <RootComponent type="66" schemaName="tst_tstControl.mytestcontrol" behavior="0" />
      <RootComponent type="80" schemaName="tst_Mytestmodelapp" behavior="0" />
      <RootComponent type="300" schemaName="tst_accountapp_01cb1" behavior="0" />
      <RootComponent type="300" schemaName="tst_app_e8d09" behavior="0" />
      <RootComponent type="300" schemaName="tst_myestimatorapp_8a99c" behavior="0" />
      <RootComponent type="372" id="{60377e95-bf05-ec11-94ef-00224826a90b}" schemaName="new_5Fconfapi5" behavior="0" />
      <RootComponent type="372" id="{16a51a64-7c48-434f-8165-e01dd88867ca}" schemaName="new_5Ftoyotalogisticssystem" behavior="0" />
      <RootComponent type="372" id="{b8a74948-172c-412d-acfd-fc542d88462d}" schemaName="tst_5Fcreateuserandjob" behavior="0" />
    </RootComponents>
    <MissingDependencies>
      <MissingDependency>
        <Required type="1" schemaName="connectionreference" displayName="Connection Reference" solution="PowerPlatformConnectionReferences (1.2.7.0)">
          <package>PowerPlatformConnectionReferencesAnchor (1.2.7.0)</package>
        </Required>
        <Dependent type="80" schemaName="tst_Mytestmodelapp" displayName="Mytestmodelapp" />
      </MissingDependency>
      <MissingDependency>
        <Required type="1" schemaName="connector" displayName="Connector" solution="msdyn_PowerConnectors (9.2.0.0)" />
        <Dependent type="80" schemaName="tst_Mytestmodelapp" displayName="Mytestmodelapp" />
      </MissingDependency>
      <MissingDependency>
        <Required type="61" schemaName="msdyn_/Images/AppModule_Default_Icon.png" displayName="msdyn_/Images/AppModule_Default_Icon.png" solution="AppModuleWebResources (2.5)" />
        <Dependent type="80" schemaName="tst_Mytestmodelapp" displayName="Mytestmodelapp" />
      </MissingDependency>
    </MissingDependencies>
  </SolutionManifest>
</ImportExportXml>