{"token":{"type":"oAuthSetting","oAuthSettings":{"identityProvider":"oauth2","scopes":[],"redirectMode":"Global","customParameters":{"AuthorizationUrl":{"value":"https://@environmentVariables(\"snw_InstanceName\").service-now.com/oauth_auth.do"},"TokenUrl":{"value":"https://@environmentVariables(\"snw_InstanceName\").service-now.com/oauth_token.do"},"RefreshUrl":{"value":"https://@environmentVariables(\"snw_InstanceName\").service-now.com/oauth_token.do"}},"clientId":"@environmentVariables(\"snw_clientid\")","clientSecret":"@environmentVariables(\"snw_oauthsecret\")"},"uiDefinition":null}}