{"swagger":"2.0","info":{"version":"1.0.0","title":"ServiceNow Custom Sample","description":"A sample connector for ServiceNow with basic CRUD for Incidents, OAuth and attachment support"},"host":"@environmentVariables(\"snw_InstanceName\").service-now.com","basePath":"/","schemes":["https"],"consumes":[],"produces":["application/json"],"paths":{"/api/now/v2/table/sys_user/{sys_id}":{"get":{"responses":{"200":{"description":"default","schema":{"type":"object","properties":{"result":{"type":"object","properties":{"country":{"type":"string","description":"country"},"building":{"type":"string","description":"building"},"state":{"type":"string","description":"state"},"vip":{"type":"string","description":"vip"},"zip":{"type":"string","description":"zip"},"cost_center":{"type":"string","description":"cost_center"},"phone":{"type":"string","description":"phone"},"name":{"type":"string","description":"name"},"city":{"type":"string","description":"city"},"user_name":{"type":"string","description":"user_name"},"roles":{"type":"string","description":"roles"},"title":{"type":"string","description":"title"},"sys_id":{"type":"string","description":"sys_id"},"mobile_phone":{"type":"string","description":"mobile_phone"},"street":{"type":"string","description":"street"},"company":{"type":"string","description":"company"},"department":{"type":"string","description":"department"},"first_name":{"type":"string","description":"first_name"},"email":{"type":"string","description":"email"},"manager":{"type":"string","description":"manager"},"last_name":{"type":"string","description":"last_name"},"photo":{"type":"string","description":"photo"},"location":{"type":"string","description":"location"}},"description":"result"}}}}},"summary":"Get User","operationId":"GetUser","parameters":[{"$ref":"#/parameters/ExcludeRefLinks"},{"$ref":"#/parameters/SysParmFields"},{"$ref":"#/parameters/DisplaySystemRefs"},{"$ref":"#/parameters/SysIdParameter"}],"description":"Retrieves the specific user record using the provided Id parameter."}},"/api/now/v1/attachment/{sys_id}":{"get":{"responses":{"200":{"description":"default","schema":{"type":"object","properties":{"result":{"type":"object","properties":{"table_sys_id":{"type":"string","description":"table_sys_id"},"size_bytes":{"type":"string","description":"size_bytes"},"download_link":{"type":"string","description":"download_link"},"sys_updated_on":{"type":"string","description":"sys_updated_on"},"sys_id":{"type":"string","description":"sys_id"},"image_height":{"type":"string","description":"image_height"},"sys_created_on":{"type":"string","description":"sys_created_on"},"file_name":{"type":"string","description":"file_name"},"sys_created_by":{"type":"string","description":"sys_created_by"},"compressed":{"type":"string","description":"compressed"},"average_image_color":{"type":"string","description":"average_image_color"},"sys_updated_by":{"type":"string","description":"sys_updated_by"},"sys_tags":{"type":"string","description":"sys_tags"},"table_name":{"type":"string","description":"table_name"},"image_width":{"type":"string","description":"image_width"},"sys_mod_count":{"type":"string","description":"sys_mod_count"},"content_type":{"type":"string","description":"content_type"},"size_compressed":{"type":"string","description":"size_compressed"}},"description":"result"}}}}},"summary":"Get Attachment","description":"Returns the metadata of the attachment file provided a specific System ID for the attachment","operationId":"GetAttachment","parameters":[{"name":"sys_id","in":"path","required":true,"type":"string","description":"System ID of the attachment record for which to retrieve the metadata.","x-ms-summary":"System ID","x-ms-visibility":"important","x-ms-url-encoding":"single"}]},"delete":{"responses":{"204":{"description":"default","schema":{}}},"summary":"Delete Attachment","description":"This method deletes the attachment for a provided System ID value","operationId":"DeleteAttachment","parameters":[{"name":"sys_id","in":"path","required":true,"type":"string","description":"System ID of the attachment record to delete.","x-ms-summary":"System ID","x-ms-visibility":"important","x-ms-url-encoding":"single"}]}},"/api/now/v1/attachment":{"get":{"responses":{"200":{"description":"default","schema":{"type":"object","properties":{"result":{"type":"array","items":{"type":"object","properties":{"table_sys_id":{"type":"string","description":"table_sys_id"},"size_bytes":{"type":"string","description":"size_bytes"},"download_link":{"type":"string","description":"download_link"},"sys_updated_on":{"type":"string","description":"sys_updated_on"},"sys_id":{"type":"string","description":"sys_id"},"image_height":{"type":"string","description":"image_height"},"sys_created_on":{"type":"string","description":"sys_created_on"},"file_name":{"type":"string","description":"file_name"},"sys_created_by":{"type":"string","description":"sys_created_by"},"compressed":{"type":"string","description":"compressed"},"average_image_color":{"type":"string","description":"average_image_color"},"sys_updated_by":{"type":"string","description":"sys_updated_by"},"sys_tags":{"type":"string","description":"sys_tags"},"table_name":{"type":"string","description":"table_name"},"image_width":{"type":"string","description":"image_width"},"sys_mod_count":{"type":"string","description":"sys_mod_count"},"content_type":{"type":"string","description":"content_type"},"size_compressed":{"type":"string","description":"size_compressed"}}},"description":"result"}}}}},"summary":"List Attachments","description":"Returns the metadata for multiple attachments.","operationId":"ListAttachments","parameters":[{"name":"sysparm_limit","in":"query","required":false,"type":"integer","description":"Limit to be applied on pagination.","x-ms-summary":"Limit","x-ms-visibility":"advanced"},{"name":"sysparm_query","in":"query","required":false,"type":"string","x-ms-summary":"Query","description":"Encoded query. Queries for the Attachment API are relative to the Attachments [sys_attachment] table.","x-ms-visibility":"advanced","x-ms-test-value":"ORDERBYfile_name^ORDERBYDESCtable_Name"}]}},"/api/now/v1/attachment/{sys_id}/file":{"get":{"responses":{"200":{"description":"OK","schema":{"type":"string","format":"binary","title":"File Content"}}},"summary":"Get Attachment File","description":"Returns the binary file attachment for the specified System ID record of attachment","operationId":"GetAttachmentFile","parameters":[{"name":"sys_id","in":"path","required":true,"type":"string","description":"System ID of the attachment record from which to return binary data.","x-ms-summary":"System ID","x-ms-visibility":"important","x-ms-url-encoding":"single"}],"x-ms-visibility":"important"}},"/api/now/v1/attachment/file":{"post":{"responses":{"201":{"description":"OK","schema":{"type":"object","properties":{"result":{"type":"object","properties":{"table_sys_id":{"type":"string","description":"table_sys_id"},"size_bytes":{"type":"string","description":"size_bytes"},"download_link":{"type":"string","description":"download_link"},"sys_updated_on":{"type":"string","description":"sys_updated_on"},"sys_id":{"type":"string","description":"sys_id"},"image_height":{"type":"string","description":"image_height"},"sys_created_on":{"type":"string","description":"sys_created_on"},"file_name":{"type":"string","description":"file_name"},"sys_created_by":{"type":"string","description":"sys_created_by"},"compressed":{"type":"string","description":"compressed"},"average_image_color":{"type":"string","description":"average_image_color"},"sys_updated_by":{"type":"string","description":"sys_updated_by"},"sys_tags":{"type":"string","description":"sys_tags"},"table_name":{"type":"string","description":"table_name"},"image_width":{"type":"string","description":"image_width"},"sys_mod_count":{"type":"string","description":"sys_mod_count"},"content_type":{"type":"string","description":"content_type"},"size_compressed":{"type":"string","description":"size_compressed"}},"description":"result"}}}},"default":{"description":"Opertation failed"}},"summary":"Upload Attachment","description":"Uploads a specified binary file as an attachment to a specified record.  The file to attach must be specified after the last parameter in the passed-in request parameter list.","operationId":"UploadAttachment","parameters":[{"name":"table_name","in":"query","required":true,"type":"string","x-ms-summary":"Table Name","description":"Name of the table to attach the file to.","x-ms-visibility":"important","x-ms-test-value":"incident","x-ms-dynamic-values":{"operationId":"GetRecordTypes","value-collection":"result","value-path":"value","value-title":"label"}},{"name":"table_sys_id","in":"query","required":true,"type":"string","x-ms-summary":"System ID","description":"System ID of the record in the table as specified in Table Name.","x-ms-visibility":"important"},{"name":"file_name","in":"query","required":true,"type":"string","x-ms-summary":"File Name","description":"Name to give the attachment.","x-ms-visibility":"important"},{"name":"Accept","in":"header","required":true,"type":"string","default":"application/json","x-ms-visibility":"internal","description":"Accept"},{"name":"Content-Type","in":"header","required":true,"type":"string","x-ms-summary":"Content Type","description":"Content Type","enum":["text/plain","text/css","text/csv","text/html","image/jpeg","image/png","application/octet-stream","application/json","audio/mpeg","video/mpeg"]},{"name":"body","in":"body","required":true,"description":"File content","schema":{"type":"string","format":"binary"}}],"x-ms-visibility":"important"}},"/api/now/v2/table/incident":{"get":{"summary":"List Incidents","description":"Retrieves a list of incidents from ServiceNow","operationId":"ListIncidents","parameters":[{"$ref":"#/parameters/ExcludeRefLinks"},{"$ref":"#/parameters/DisplaySystemRefs"},{"$ref":"#/parameters/SysParmFields"},{"name":"sysparm_limit","in":"query","required":false,"type":"integer","x-ms-summary":"Limit","x-ms-visibility":"advanced","description":"Maximum number of records to return"},{"name":"sysparm_query","in":"query","required":false,"type":"string","x-ms-summary":"Query","x-ms-visibility":"advanced","description":"Encoded query used to filter the result set","x-ms-test-value":"active=true^ORDERBYshort_description"}],"responses":{"200":{"description":"default","schema":{"type":"object","properties":{"result":{"type":"array","items":{"type":"object","properties":{"parent":{"type":"string","description":"parent"},"made_sla":{"type":"string","description":"made_sla"},"caused_by":{"type":"string","description":"caused_by"},"watch_list":{"type":"string","description":"watch_list"},"upon_reject":{"type":"string","description":"upon_reject"},"sys_updated_on":{"type":"string","description":"sys_updated_on"},"child_incidents":{"type":"string","description":"child_incidents"},"hold_reason":{"type":"string","description":"hold_reason","title":"On hold reason","x-ms-visibility":"advanced"},"task_effective_number":{"type":"string","description":"task_effective_number"},"approval_history":{"type":"string","description":"approval_history"},"number":{"type":"string","description":"number"},"resolved_by":{"type":"string","description":"resolved_by"},"sys_updated_by":{"type":"string","description":"sys_updated_by"},"opened_by":{"type":"string","description":"opened_by"},"user_input":{"type":"string","description":"user_input"},"sys_created_on":{"type":"string","description":"sys_created_on"},"sys_domain":{"type":"string","description":"sys_domain"},"state":{"type":"string","description":"state"},"route_reason":{"type":"string","description":"route_reason"},"sys_created_by":{"type":"string","description":"sys_created_by"},"knowledge":{"type":"string","description":"knowledge"},"order":{"type":"string","description":"order"},"calendar_stc":{"type":"string","description":"calendar_stc"},"closed_at":{"type":"string","description":"closed_at"},"cmdb_ci":{"type":"string","description":"cmdb_ci"},"delivery_plan":{"type":"string","description":"delivery_plan"},"contract":{"type":"string","description":"contract"},"impact":{"type":"string","description":"impact"},"active":{"type":"string","description":"active"},"work_notes_list":{"type":"string","description":"work_notes_list"},"business_service":{"type":"string","description":"business_service"},"priority":{"type":"string","description":"priority"},"sys_domain_path":{"type":"string","description":"sys_domain_path"},"rfc":{"type":"string","description":"rfc"},"time_worked":{"type":"string","description":"time_worked"},"expected_start":{"type":"string","description":"expected_start"},"opened_at":{"type":"string","description":"opened_at"},"business_duration":{"type":"string","description":"business_duration"},"group_list":{"type":"string","description":"group_list"},"work_end":{"type":"string","description":"work_end"},"caller_id":{"type":"string","description":"caller_id"},"reopened_time":{"type":"string","description":"reopened_time"},"resolved_at":{"type":"string","description":"resolved_at"},"approval_set":{"type":"string","description":"approval_set"},"subcategory":{"type":"string","description":"subcategory"},"work_notes":{"type":"string","description":"work_notes"},"universal_request":{"type":"string","description":"universal_request"},"short_description":{"type":"string","description":"short_description"},"close_code":{"type":"string","description":"close_code"},"correlation_display":{"type":"string","description":"correlation_display"},"delivery_task":{"type":"string","description":"delivery_task"},"work_start":{"type":"string","description":"work_start"},"assignment_group":{"type":"string","description":"assignment_group"},"additional_assignee_list":{"type":"string","description":"additional_assignee_list"},"business_stc":{"type":"string","description":"business_stc"},"description":{"type":"string","description":"description"},"calendar_duration":{"type":"string","description":"calendar_duration"},"close_notes":{"type":"string","description":"close_notes"},"notify":{"type":"string","description":"notify"},"service_offering":{"type":"string","description":"service_offering"},"sys_class_name":{"type":"string","description":"sys_class_name"},"closed_by":{"type":"string","description":"closed_by"},"follow_up":{"type":"string","description":"follow_up"},"parent_incident":{"type":"string","description":"parent_incident"},"sys_id":{"type":"string","description":"sys_id"},"contact_type":{"type":"string","description":"contact_type"},"reopened_by":{"type":"string","description":"reopened_by"},"incident_state":{"type":"string","description":"incident_state"},"urgency":{"type":"string","description":"urgency"},"problem_id":{"type":"string","description":"problem_id"},"company":{"type":"string","description":"company"},"reassignment_count":{"type":"string","description":"reassignment_count"},"activity_due":{"type":"string","description":"activity_due"},"assigned_to":{"type":"string","description":"assigned_to"},"severity":{"type":"string","description":"severity"},"comments":{"type":"string","description":"comments"},"approval":{"type":"string","description":"approval"},"sla_due":{"type":"string","description":"sla_due"},"comments_and_work_notes":{"type":"string","description":"comments_and_work_notes"},"due_date":{"type":"string","description":"due_date"},"sys_mod_count":{"type":"string","description":"sys_mod_count"},"reopen_count":{"type":"string","description":"reopen_count"},"sys_tags":{"type":"string","description":"sys_tags"},"escalation":{"type":"string","description":"escalation"},"upon_approval":{"type":"string","description":"upon_approval"},"correlation_id":{"type":"string","description":"correlation_id"},"location":{"type":"string","description":"location"},"category":{"type":"string","description":"category"}}},"description":"result"}}}}}},"post":{"responses":{"201":{"description":"default","schema":{"type":"object","properties":{"result":{"type":"object","properties":{"parent":{"type":"string","description":"parent"},"made_sla":{"type":"string","description":"made_sla"},"caused_by":{"type":"string","description":"caused_by"},"watch_list":{"type":"string","description":"watch_list"},"upon_reject":{"type":"string","description":"upon_reject"},"sys_updated_on":{"type":"string","description":"sys_updated_on"},"child_incidents":{"type":"string","description":"child_incidents"},"hold_reason":{"type":"string","description":"hold_reason"},"task_effective_number":{"type":"string","description":"task_effective_number"},"approval_history":{"type":"string","description":"approval_history"},"number":{"type":"string","description":"number"},"resolved_by":{"type":"string","description":"resolved_by"},"sys_updated_by":{"type":"string","description":"sys_updated_by"},"opened_by":{"type":"string","description":"opened_by"},"user_input":{"type":"string","description":"user_input"},"sys_created_on":{"type":"string","description":"sys_created_on"},"sys_domain":{"type":"string","description":"sys_domain"},"state":{"type":"string","description":"state"},"route_reason":{"type":"string","description":"route_reason"},"sys_created_by":{"type":"string","description":"sys_created_by"},"knowledge":{"type":"string","description":"knowledge"},"order":{"type":"string","description":"order"},"calendar_stc":{"type":"string","description":"calendar_stc"},"closed_at":{"type":"string","description":"closed_at"},"cmdb_ci":{"type":"string","description":"cmdb_ci"},"delivery_plan":{"type":"string","description":"delivery_plan"},"contract":{"type":"string","description":"contract"},"impact":{"type":"string","description":"impact"},"active":{"type":"string","description":"active"},"work_notes_list":{"type":"string","description":"work_notes_list"},"business_service":{"type":"string","description":"business_service"},"priority":{"type":"string","description":"priority"},"sys_domain_path":{"type":"string","description":"sys_domain_path"},"rfc":{"type":"string","description":"rfc"},"time_worked":{"type":"string","description":"time_worked"},"expected_start":{"type":"string","description":"expected_start"},"opened_at":{"type":"string","description":"opened_at"},"business_duration":{"type":"string","description":"business_duration"},"group_list":{"type":"string","description":"group_list"},"work_end":{"type":"string","description":"work_end"},"caller_id":{"type":"string","description":"caller_id"},"reopened_time":{"type":"string","description":"reopened_time"},"resolved_at":{"type":"string","description":"resolved_at"},"approval_set":{"type":"string","description":"approval_set"},"subcategory":{"type":"string","description":"subcategory"},"work_notes":{"type":"string","description":"work_notes"},"universal_request":{"type":"string","description":"universal_request"},"short_description":{"type":"string","description":"short_description"},"close_code":{"type":"string","description":"close_code"},"correlation_display":{"type":"string","description":"correlation_display"},"delivery_task":{"type":"string","description":"delivery_task"},"work_start":{"type":"string","description":"work_start"},"assignment_group":{"type":"string","description":"assignment_group"},"additional_assignee_list":{"type":"string","description":"additional_assignee_list"},"business_stc":{"type":"string","description":"business_stc"},"description":{"type":"string","description":"description"},"calendar_duration":{"type":"string","description":"calendar_duration"},"close_notes":{"type":"string","description":"close_notes"},"notify":{"type":"string","description":"notify"},"service_offering":{"type":"string","description":"service_offering"},"sys_class_name":{"type":"string","description":"sys_class_name"},"closed_by":{"type":"string","description":"closed_by"},"follow_up":{"type":"string","description":"follow_up"},"parent_incident":{"type":"string","description":"parent_incident"},"sys_id":{"type":"string","description":"sys_id"},"contact_type":{"type":"string","description":"contact_type"},"reopened_by":{"type":"string","description":"reopened_by"},"incident_state":{"type":"string","description":"incident_state"},"urgency":{"type":"string","description":"urgency"},"problem_id":{"type":"string","description":"problem_id"},"company":{"type":"string","description":"company"},"reassignment_count":{"type":"string","description":"reassignment_count"},"activity_due":{"type":"string","description":"activity_due"},"assigned_to":{"type":"string","description":"assigned_to"},"severity":{"type":"string","description":"severity"},"comments":{"type":"string","description":"comments"},"approval":{"type":"string","description":"approval"},"sla_due":{"type":"string","description":"sla_due"},"comments_and_work_notes":{"type":"string","description":"comments_and_work_notes"},"due_date":{"type":"string","description":"due_date"},"sys_mod_count":{"type":"string","description":"sys_mod_count"},"reopen_count":{"type":"string","description":"reopen_count"},"sys_tags":{"type":"string","description":"sys_tags"},"escalation":{"type":"string","description":"escalation"},"upon_approval":{"type":"string","description":"upon_approval"},"correlation_id":{"type":"string","description":"correlation_id"},"location":{"type":"string","description":"location"},"category":{"type":"string","description":"category"}},"description":"result"}}}}},"summary":"Create Incident","description":"Create a new ServiceNow Incident","operationId":"CreateIncident","parameters":[{"$ref":"#/parameters/DisplaySystemRefs"},{"$ref":"#/parameters/ExcludeRefLinks"},{"$ref":"#/parameters/SysParmFields"},{"$ref":"#/parameters/DisplayInputSystemRefs"},{"name":"Accept","in":"header","required":true,"type":"string","default":"application/json","x-ms-visibility":"internal"},{"name":"Content-Type","in":"header","required":true,"type":"string","default":"application/json","x-ms-visibility":"internal"},{"name":"body","in":"body","required":false,"schema":{"type":"object","properties":{"upon_approval":{"type":"string","description":"upon_approval","title":"Upon approval","x-ms-visibility":"advanced"},"location":{"type":"string","title":"Location","x-ms-visibility":"advanced","description":"Where the caller or service is located"},"expected_start":{"type":"string","title":"Expected start","x-ms-visibility":"advanced"},"reopen_count":{"type":"string","title":"Reopen count","x-ms-visibility":"advanced","description":"Number of times Incident state has changed from REsolved or Closed to another state"},"additional_assignee_list":{"type":"string","title":"Additional assignee list","x-ms-visibility":"advanced","description":"Additional assignees"},"impact":{"type":"string","title":"Impact","x-ms-visibility":"advanced","description":"Measures of the business criticality of the affected service"},"urgency":{"type":"string","title":"Urgency","x-ms-visibility":"advanced","description":"Measure of the business criticality based on the impact and on the business needs"},"correlation_id":{"type":"string","title":"Correlation ID","x-ms-visibility":"advanced"},"sys_tags":{"type":"string","title":"Tags","x-ms-visibility":"advanced"},"sys_domain":{"type":"string","title":"Domain","x-ms-visibility":"advanced"},"description":{"type":"string","title":"Description","x-ms-visibility":"advanced"},"group_list":{"type":"string","title":"Group list","x-ms-visibility":"advanced","description":"Interested groups"},"priority":{"type":"string","title":"Priority","x-ms-visibility":"advanced"},"delivery_plan":{"type":"string","title":"Delivery plan","x-ms-visibility":"advanced"},"work_notes_list":{"type":"string","description":"Users interested in work notes","title":"Work notes list","x-ms-visibility":"advanced"},"business_service":{"type":"string","title":"Service","x-ms-visibility":"advanced"},"follow_up":{"type":"string","title":"Follow up","x-ms-visibility":"advanced"},"closed_at":{"type":"string","title":"Resolve time","x-ms-visibility":"advanced"},"sla_due":{"type":"string","description":"Date by which the SLA expects this task to be completed","title":"SLA due","x-ms-visibility":"advanced"},"delivery_task":{"type":"string","title":"Delivery task","x-ms-visibility":"advanced"},"sys_updated_on":{"type":"string","title":"Updated on","x-ms-visibility":"advanced"},"parent":{"type":"string","title":"Parent","x-ms-visibility":"advanced"},"work_end":{"type":"string","title":"Work end","x-ms-visibility":"advanced"},"number":{"type":"string","title":"Number","x-ms-visibility":"advanced"},"closed_by":{"type":"string","title":"Closed by","x-ms-visibility":"advanced"},"work_start":{"type":"string","title":"Work start","x-ms-visibility":"advanced"},"category":{"type":"string","title":"Category","x-ms-visibility":"advanced"},"business_duration":{"type":"string","description":"Business time elapsed before task was closed","title":"Business duration","x-ms-visibility":"advanced"},"incident_state":{"type":"string","description":"Workflow state of the incident","title":"Incident state","x-ms-visibility":"advanced"},"activity_due":{"type":"string","description":"Date by which the Inactivity Monitor expects the task to be updated","title":"Activity due","x-ms-visibility":"advanced"},"correlation_display":{"type":"string","title":"Correlation display","x-ms-visibility":"advanced"},"company":{"type":"string","title":"Company","x-ms-visibility":"advanced"},"active":{"type":"string","title":"Active","x-ms-visibility":"advanced"},"due_date":{"type":"string","description":"Expected date from assigned to","title":"Due date","x-ms-visibility":"advanced"},"assignment_group":{"type":"string","title":"Assignment group","x-ms-visibility":"advanced"},"caller_id":{"type":"string","title":"Caller ID","x-ms-visibility":"advanced","description":"Person who reported or is affected by this incident"},"knowledge":{"type":"string","title":"Knowledge","x-ms-visibility":"advanced"},"made_sla":{"type":"string","title":"Made SLA","x-ms-visibility":"advanced"},"comments_and_work_notes":{"type":"string","description":"Combined output of Additional comments and Work notes","title":"Comments and work notes","x-ms-visibility":"advanced"},"parent_incident":{"type":"string","title":"Parent incident","x-ms-visibility":"advanced","description":"Can be used to collect incidents for the same root issue"},"state":{"type":"string","title":"State","x-ms-visibility":"advanced"},"user_input":{"type":"string","title":"User input","x-ms-visibility":"advanced"},"sys_created_on":{"type":"string","title":"Created on","x-ms-visibility":"advanced"},"approval_set":{"type":"string","title":"Approval set","x-ms-visibility":"advanced"},"reassignment_count":{"type":"string","title":"Reassignment count","x-ms-visibility":"advanced"},"child_incidents":{"type":"string","description":"Number of child incidents related to this problem","title":"Child incidents","x-ms-visibility":"advanced"},"opened_at":{"type":"string","title":"Opened at","x-ms-visibility":"advanced"},"short_description":{"type":"string","title":"Short Description","x-ms-visibility":"advanced"},"order":{"type":"string","title":"Order","x-ms-visibility":"advanced"},"sys_updated_by":{"type":"string","title":"Updated by","x-ms-visibility":"advanced"},"resolved_by":{"type":"string","title":"Resolved by","x-ms-visibility":"advanced"},"notify":{"type":"string","title":"Notify","x-ms-visibility":"advanced"},"upon_reject":{"type":"string","title":"Upon reject","x-ms-visibility":"advanced"},"approval_history":{"type":"string","title":"Approval history","x-ms-visibility":"advanced"},"problem_id":{"type":"string","title":"Problem ID","x-ms-visibility":"advanced","description":"Related problem if one exists"},"work_notes":{"type":"string","title":"Work notes","x-ms-visibility":"advanced"},"calendar_duration":{"type":"string","title":"Calendar duration","x-ms-visibility":"advanced"},"sys_id":{"type":"string","title":"System ID","x-ms-visibility":"advanced"},"approval":{"type":"string","title":"Approval","x-ms-visibility":"advanced"},"caused_by":{"type":"string","title":"Caused by","x-ms-visibility":"advanced"},"severity":{"type":"string","title":"Severity","x-ms-visibility":"advanced"},"sys_created_by":{"type":"string","title":"Created by","x-ms-visibility":"advanced"},"resolved_at":{"type":"string","title":"Resolved at","x-ms-visibility":"advanced"},"assigned_to":{"type":"string","title":"Assigned to","x-ms-visibility":"advanced","description":"Person primarily responsible for working this task"},"sys_domain_path":{"type":"string","title":"Domain path","x-ms-visibility":"advanced","description":"Domain to which the task belongs"},"opened_by":{"type":"string","title":"Opened by","x-ms-visibility":"advanced"},"subcategory":{"type":"string","title":"Subcategory","x-ms-visibility":"advanced"},"watch_list":{"type":"string","description":"Interested users","title":"Watch list","x-ms-visibility":"advanced"},"time_worked":{"type":"string","title":"Time worked","x-ms-visibility":"advanced"},"contact_type":{"type":"string","title":"Contact type","x-ms-visibility":"advanced"},"escalation":{"type":"string","title":"Escalation","x-ms-visibility":"advanced"},"comments":{"type":"string","title":"Comments","x-ms-visibility":"advanced"},"hold_reason":{"type":"string","description":"hold_reason","title":"Hold reason","x-ms-visibility":"advanced"},"task_effective_number":{"type":"string","title":"Effective number","x-ms-visibility":"advanced"},"contract":{"type":"string","title":"Contract","x-ms-visibility":"advanced"},"universal_request":{"type":"string","title":"Universal request","x-ms-visibility":"advanced"},"service_offering":{"type":"string","title":"Service offering","x-ms-visibility":"advanced"},"close_code":{"type":"string","title":"Resolution code","x-ms-visibility":"advanced"},"close_notes":{"type":"string","title":"Resolution notes","x-ms-visibility":"advanced"},"route_reason":{"type":"string","title":"Transfer reason","x-ms-visibility":"advanced"}}}}],"x-ms-visibility":"important"}},"/api/now/v2/table/incident/{sys_id}":{"get":{"responses":{"200":{"description":"default","schema":{"type":"object","properties":{"result":{"type":"object","properties":{"parent":{"type":"string","description":"parent"},"made_sla":{"type":"string","description":"made_sla"},"caused_by":{"type":"string","description":"caused_by"},"watch_list":{"type":"string","description":"watch_list"},"upon_reject":{"type":"string","description":"upon_reject"},"sys_updated_on":{"type":"string","description":"sys_updated_on"},"child_incidents":{"type":"string","description":"child_incidents"},"hold_reason":{"type":"string","description":"hold_reason"},"task_effective_number":{"type":"string","description":"task_effective_number"},"approval_history":{"type":"string","description":"approval_history"},"number":{"type":"string","description":"number"},"resolved_by":{"type":"string","description":"resolved_by"},"sys_updated_by":{"type":"string","description":"sys_updated_by"},"opened_by":{"type":"string","description":"opened_by"},"user_input":{"type":"string","description":"user_input"},"sys_created_on":{"type":"string","description":"sys_created_on"},"sys_domain":{"type":"string","description":"sys_domain"},"state":{"type":"string","description":"state"},"route_reason":{"type":"string","description":"route_reason"},"sys_created_by":{"type":"string","description":"sys_created_by"},"knowledge":{"type":"string","description":"knowledge"},"order":{"type":"string","description":"order"},"calendar_stc":{"type":"string","description":"calendar_stc"},"closed_at":{"type":"string","description":"closed_at"},"cmdb_ci":{"type":"string","description":"cmdb_ci"},"delivery_plan":{"type":"string","description":"delivery_plan"},"contract":{"type":"string","description":"contract"},"impact":{"type":"string","description":"impact"},"active":{"type":"string","description":"active"},"work_notes_list":{"type":"string","description":"work_notes_list"},"business_service":{"type":"string","description":"business_service"},"priority":{"type":"string","description":"priority"},"sys_domain_path":{"type":"string","description":"sys_domain_path"},"rfc":{"type":"string","description":"rfc"},"time_worked":{"type":"string","description":"time_worked"},"expected_start":{"type":"string","description":"expected_start"},"opened_at":{"type":"string","description":"opened_at"},"business_duration":{"type":"string","description":"business_duration"},"group_list":{"type":"string","description":"group_list"},"work_end":{"type":"string","description":"work_end"},"caller_id":{"type":"string","description":"caller_id"},"reopened_time":{"type":"string","description":"reopened_time"},"resolved_at":{"type":"string","description":"resolved_at"},"approval_set":{"type":"string","description":"approval_set"},"subcategory":{"type":"string","description":"subcategory"},"work_notes":{"type":"string","description":"work_notes"},"universal_request":{"type":"string","description":"universal_request"},"short_description":{"type":"string","description":"short_description"},"close_code":{"type":"string","description":"close_code"},"correlation_display":{"type":"string","description":"correlation_display"},"delivery_task":{"type":"string","description":"delivery_task"},"work_start":{"type":"string","description":"work_start"},"assignment_group":{"type":"string","description":"assignment_group"},"additional_assignee_list":{"type":"string","description":"additional_assignee_list"},"business_stc":{"type":"string","description":"business_stc"},"description":{"type":"string","description":"description"},"calendar_duration":{"type":"string","description":"calendar_duration"},"close_notes":{"type":"string","description":"close_notes"},"notify":{"type":"string","description":"notify"},"service_offering":{"type":"string","description":"service_offering"},"sys_class_name":{"type":"string","description":"sys_class_name"},"closed_by":{"type":"string","description":"closed_by"},"follow_up":{"type":"string","description":"follow_up"},"parent_incident":{"type":"string","description":"parent_incident"},"sys_id":{"type":"string","description":"sys_id"},"contact_type":{"type":"string","description":"contact_type"},"reopened_by":{"type":"string","description":"reopened_by"},"incident_state":{"type":"string","description":"incident_state"},"urgency":{"type":"string","description":"urgency"},"problem_id":{"type":"string","description":"problem_id"},"company":{"type":"string","description":"company"},"reassignment_count":{"type":"string","description":"reassignment_count"},"activity_due":{"type":"string","description":"activity_due"},"assigned_to":{"type":"string","description":"assigned_to"},"severity":{"type":"string","description":"severity"},"comments":{"type":"string","description":"comments"},"approval":{"type":"string","description":"approval"},"sla_due":{"type":"string","description":"sla_due"},"comments_and_work_notes":{"type":"string","description":"comments_and_work_notes"},"due_date":{"type":"string","description":"due_date"},"sys_mod_count":{"type":"string","description":"sys_mod_count"},"reopen_count":{"type":"string","description":"reopen_count"},"sys_tags":{"type":"string","description":"sys_tags"},"escalation":{"type":"string","description":"escalation"},"upon_approval":{"type":"string","description":"upon_approval"},"correlation_id":{"type":"string","description":"correlation_id"},"location":{"type":"string","description":"location"},"category":{"type":"string","description":"category"}},"description":"result"}}}}},"summary":"Get Incident","description":"Retrieves the specific incident record using the provided Id parameter.","operationId":"GetIncident","parameters":[{"$ref":"#/parameters/ExcludeRefLinks"},{"$ref":"#/parameters/SysParmFields"},{"$ref":"#/parameters/DisplaySystemRefs"},{"$ref":"#/parameters/SysIdParameter"}],"x-ms-visibility":"important"},"delete":{"responses":{"default":{"description":"default","schema":{}}},"summary":"Delete Incident","description":"Deletes the specified incident record.","operationId":"DeleteIncident","parameters":[{"name":"sys_id","in":"path","required":true,"type":"string","x-ms-summary":"System ID","description":"ID of the incident record to be deleted","x-ms-url-encoding":"single"}],"x-ms-visibility":"important"},"put":{"responses":{"200":{"description":"default","schema":{"type":"object","properties":{"result":{"type":"object","properties":{"parent":{"type":"string","description":"parent"},"made_sla":{"type":"string","description":"made_sla"},"caused_by":{"type":"string","description":"caused_by"},"watch_list":{"type":"string","description":"watch_list"},"upon_reject":{"type":"string","description":"upon_reject"},"sys_updated_on":{"type":"string","description":"sys_updated_on"},"child_incidents":{"type":"string","description":"child_incidents"},"hold_reason":{"type":"string","description":"hold_reason"},"task_effective_number":{"type":"string","description":"task_effective_number"},"approval_history":{"type":"string","description":"approval_history"},"number":{"type":"string","description":"number"},"resolved_by":{"type":"string","description":"resolved_by"},"sys_updated_by":{"type":"string","description":"sys_updated_by"},"opened_by":{"type":"string","description":"opened_by"},"user_input":{"type":"string","description":"user_input"},"sys_created_on":{"type":"string","description":"sys_created_on"},"sys_domain":{"type":"string","description":"sys_domain"},"state":{"type":"string","description":"state"},"route_reason":{"type":"string","description":"route_reason"},"sys_created_by":{"type":"string","description":"sys_created_by"},"knowledge":{"type":"string","description":"knowledge"},"order":{"type":"string","description":"order"},"calendar_stc":{"type":"string","description":"calendar_stc"},"closed_at":{"type":"string","description":"closed_at"},"cmdb_ci":{"type":"string","description":"cmdb_ci"},"delivery_plan":{"type":"string","description":"delivery_plan"},"contract":{"type":"string","description":"contract"},"impact":{"type":"string","description":"impact"},"active":{"type":"string","description":"active"},"work_notes_list":{"type":"string","description":"work_notes_list"},"business_service":{"type":"string","description":"business_service"},"priority":{"type":"string","description":"priority"},"sys_domain_path":{"type":"string","description":"sys_domain_path"},"rfc":{"type":"string","description":"rfc"},"time_worked":{"type":"string","description":"time_worked"},"expected_start":{"type":"string","description":"expected_start"},"opened_at":{"type":"string","description":"opened_at"},"business_duration":{"type":"string","description":"business_duration"},"group_list":{"type":"string","description":"group_list"},"work_end":{"type":"string","description":"work_end"},"caller_id":{"type":"string","description":"caller_id"},"reopened_time":{"type":"string","description":"reopened_time"},"resolved_at":{"type":"string","description":"resolved_at"},"approval_set":{"type":"string","description":"approval_set"},"subcategory":{"type":"string","description":"subcategory"},"work_notes":{"type":"string","description":"work_notes"},"universal_request":{"type":"string","description":"universal_request"},"short_description":{"type":"string","description":"short_description"},"close_code":{"type":"string","description":"close_code"},"correlation_display":{"type":"string","description":"correlation_display"},"delivery_task":{"type":"string","description":"delivery_task"},"work_start":{"type":"string","description":"work_start"},"assignment_group":{"type":"string","description":"assignment_group"},"additional_assignee_list":{"type":"string","description":"additional_assignee_list"},"business_stc":{"type":"string","description":"business_stc"},"description":{"type":"string","description":"description"},"calendar_duration":{"type":"string","description":"calendar_duration"},"close_notes":{"type":"string","description":"close_notes"},"notify":{"type":"string","description":"notify"},"service_offering":{"type":"string","description":"service_offering"},"sys_class_name":{"type":"string","description":"sys_class_name"},"closed_by":{"type":"string","description":"closed_by"},"follow_up":{"type":"string","description":"follow_up"},"parent_incident":{"type":"string","description":"parent_incident"},"sys_id":{"type":"string","description":"sys_id"},"contact_type":{"type":"string","description":"contact_type"},"reopened_by":{"type":"string","description":"reopened_by"},"incident_state":{"type":"string","description":"incident_state"},"urgency":{"type":"string","description":"urgency"},"problem_id":{"type":"string","description":"problem_id"},"company":{"type":"string","description":"company"},"reassignment_count":{"type":"string","description":"reassignment_count"},"activity_due":{"type":"string","description":"activity_due"},"assigned_to":{"type":"string","description":"assigned_to"},"severity":{"type":"string","description":"severity"},"comments":{"type":"string","description":"comments"},"approval":{"type":"string","description":"approval"},"sla_due":{"type":"string","description":"sla_due"},"comments_and_work_notes":{"type":"string","description":"comments_and_work_notes"},"due_date":{"type":"string","description":"due_date"},"sys_mod_count":{"type":"string","description":"sys_mod_count"},"reopen_count":{"type":"string","description":"reopen_count"},"sys_tags":{"type":"string","description":"sys_tags"},"escalation":{"type":"string","description":"escalation"},"upon_approval":{"type":"string","description":"upon_approval"},"correlation_id":{"type":"string","description":"correlation_id"},"location":{"type":"string","description":"location"},"category":{"type":"string","description":"category"}},"description":"result"}}}}},"summary":"Update Incident","description":"Updates a specified incident record","operationId":"UpdateIncident","parameters":[{"$ref":"#/parameters/SysIdParameter"},{"$ref":"#/parameters/DisplaySystemRefs"},{"$ref":"#/parameters/ExcludeRefLinks"},{"$ref":"#/parameters/SysParmFields"},{"$ref":"#/parameters/DisplayInputSystemRefs"},{"name":"Accept","in":"header","required":true,"type":"string","default":"application/json","x-ms-visibility":"internal"},{"name":"Content-Type","in":"header","required":true,"type":"string","default":"application/json","x-ms-visibility":"internal"},{"name":"body","in":"body","required":false,"schema":{"type":"object","properties":{"result":{"type":"object","properties":{"upon_approval":{"type":"string","description":"upon_approval","title":"Upon approval","x-ms-visibility":"advanced"},"location":{"type":"string","title":"Location","x-ms-visibility":"advanced","description":"Where the caller or service is located"},"expected_start":{"type":"string","title":"Expected start","x-ms-visibility":"advanced"},"reopen_count":{"type":"string","title":"Reopen count","x-ms-visibility":"advanced","description":"Number of times Incident state has changed from REsolved or Closed to another state"},"additional_assignee_list":{"type":"string","title":"Additional assignee list","x-ms-visibility":"advanced","description":"Additional assignees"},"impact":{"type":"string","title":"Impact","x-ms-visibility":"advanced","description":"Measures of the business criticality of the affected service"},"urgency":{"type":"string","title":"Urgency","x-ms-visibility":"advanced","description":"Measure of the business criticality based on the impact and on the business needs"},"correlation_id":{"type":"string","title":"Correlation ID","x-ms-visibility":"advanced"},"sys_tags":{"type":"string","title":"Tags","x-ms-visibility":"advanced"},"sys_domain":{"type":"object","properties":{"link":{"type":"string","description":"link"},"value":{"type":"string","description":"value"}},"description":"Domain to which the task belongs","title":"Domain","x-ms-visibility":"advanced"},"description":{"type":"string","title":"Description","x-ms-visibility":"advanced"},"group_list":{"type":"string","title":"Group list","x-ms-visibility":"advanced","description":"Interested groups"},"priority":{"type":"string","title":"Priority","x-ms-visibility":"advanced"},"delivery_plan":{"type":"string","title":"Delivery plan","x-ms-visibility":"advanced"},"work_notes_list":{"type":"string","description":"Users interested in work notes","title":"Work notes list","x-ms-visibility":"advanced"},"business_service":{"type":"string","title":"Service","x-ms-visibility":"advanced"},"follow_up":{"type":"string","title":"Follow up","x-ms-visibility":"advanced"},"closed_at":{"type":"string","title":"Resolve time","x-ms-visibility":"advanced"},"sla_due":{"type":"string","description":"Date by which the SLA expects this task to be completed","title":"SLA due","x-ms-visibility":"advanced"},"delivery_task":{"type":"string","title":"Delivery task","x-ms-visibility":"advanced"},"sys_updated_on":{"type":"string","title":"Updated on","x-ms-visibility":"advanced"},"parent":{"type":"string","title":"Parent","x-ms-visibility":"advanced"},"work_end":{"type":"string","title":"Work end","x-ms-visibility":"advanced"},"number":{"type":"string","title":"Number","x-ms-visibility":"advanced"},"closed_by":{"type":"string","title":"Closed by","x-ms-visibility":"advanced"},"work_start":{"type":"string","title":"Work start","x-ms-visibility":"advanced"},"category":{"type":"string","title":"Category","x-ms-visibility":"advanced"},"business_duration":{"type":"string","description":"Business time elapsed before task was closed","title":"Business duration","x-ms-visibility":"advanced"},"incident_state":{"type":"string","description":"Workflow state of the incident","title":"Incident state","x-ms-visibility":"advanced"},"activity_due":{"type":"string","description":"Date by which the Inactivity Monitor expects the task to be updated","title":"Activity due","x-ms-visibility":"advanced"},"correlation_display":{"type":"string","title":"Correlation display","x-ms-visibility":"advanced"},"company":{"type":"string","title":"Company","x-ms-visibility":"advanced"},"active":{"type":"string","title":"Active","x-ms-visibility":"advanced"},"due_date":{"type":"string","description":"Expected date from assigned to","title":"Due date","x-ms-visibility":"advanced"},"assignment_group":{"type":"object","properties":{"link":{"type":"string","description":"link"},"value":{"type":"string","description":"value"}},"title":"Assignment group","x-ms-visibility":"advanced"},"caller_id":{"type":"string","title":"Caller ID","x-ms-visibility":"advanced","description":"Person who reported or is affected by this incident"},"knowledge":{"type":"string","title":"Knowledge","x-ms-visibility":"advanced"},"made_sla":{"type":"string","title":"Made SLA","x-ms-visibility":"advanced"},"comments_and_work_notes":{"type":"string","description":"Combined output of Additional comments and Work notes","title":"Comments and work notes","x-ms-visibility":"advanced"},"parent_incident":{"type":"string","title":"Parent incident","x-ms-visibility":"advanced","description":"Can be used to collect incidents for the same root issue"},"state":{"type":"string","title":"State","x-ms-visibility":"advanced"},"user_input":{"type":"string","title":"User input","x-ms-visibility":"advanced"},"sys_created_on":{"type":"string","title":"Created on","x-ms-visibility":"advanced"},"approval_set":{"type":"string","title":"Approval set","x-ms-visibility":"advanced"},"reassignment_count":{"type":"string","title":"Reassignment count","x-ms-visibility":"advanced"},"child_incidents":{"type":"string","description":"Number of child incidents related to this problem","title":"Child incidents","x-ms-visibility":"advanced"},"opened_at":{"type":"string","title":"Opened at","x-ms-visibility":"advanced"},"short_description":{"type":"string","title":"Short Description","x-ms-visibility":"advanced"},"order":{"type":"string","title":"Order","x-ms-visibility":"advanced"},"sys_updated_by":{"type":"string","title":"Updated by","x-ms-visibility":"advanced"},"resolved_by":{"type":"string","title":"Resolved by","x-ms-visibility":"advanced"},"notify":{"type":"string","title":"Notify","x-ms-visibility":"advanced"},"upon_reject":{"type":"string","title":"Upon reject","x-ms-visibility":"advanced"},"approval_history":{"type":"string","title":"Approval history","x-ms-visibility":"advanced"},"problem_id":{"type":"string","title":"Problem ID","x-ms-visibility":"advanced","description":"Related problem if one exists"},"work_notes":{"type":"string","title":"Work notes","x-ms-visibility":"advanced"},"calendar_duration":{"type":"string","title":"Calendar duration","x-ms-visibility":"advanced"},"sys_id":{"type":"string","title":"System ID","x-ms-visibility":"advanced"},"approval":{"type":"string","title":"Approval","x-ms-visibility":"advanced"},"caused_by":{"type":"string","title":"Caused by","x-ms-visibility":"advanced"},"severity":{"type":"string","title":"Severity","x-ms-visibility":"advanced"},"sys_created_by":{"type":"string","title":"Created by","x-ms-visibility":"advanced"},"resolved_at":{"type":"string","title":"Resolved at","x-ms-visibility":"advanced"},"assigned_to":{"type":"string","title":"Assigned to","x-ms-visibility":"advanced","description":"Person primarily responsible for working this task"},"sys_domain_path":{"type":"string","title":"Domain path","x-ms-visibility":"advanced","description":"Domain to which the task belongs"},"opened_by":{"type":"object","properties":{"link":{"type":"string","description":"link"},"value":{"type":"string","description":"value"}},"title":"Opened by","x-ms-visibility":"advanced"},"subcategory":{"type":"string","title":"Subcategory","x-ms-visibility":"advanced"},"watch_list":{"type":"string","description":"Interested users","title":"Watch list","x-ms-visibility":"advanced"},"time_worked":{"type":"string","title":"Time worked","x-ms-visibility":"advanced"},"contact_type":{"type":"string","title":"Contact type","x-ms-visibility":"advanced"},"escalation":{"type":"string","title":"Escalation","x-ms-visibility":"advanced"},"comments":{"type":"string","title":"Comments","x-ms-visibility":"advanced"},"hold_reason":{"type":"string","description":"hold_reason","title":"Hold reason","x-ms-visibility":"advanced"},"task_effective_number":{"type":"string","title":"Effective number","x-ms-visibility":"advanced"},"contract":{"type":"string","title":"Contract","x-ms-visibility":"advanced"},"universal_request":{"type":"string","title":"Universal request","x-ms-visibility":"advanced"},"service_offering":{"type":"string","title":"Service offering","x-ms-visibility":"advanced"},"close_code":{"type":"string","title":"Resolution code","x-ms-visibility":"advanced"},"close_notes":{"type":"string","title":"Resolution notes","x-ms-visibility":"advanced"},"route_reason":{"type":"string","title":"Transfer reason","x-ms-visibility":"advanced"}},"description":"result"}}},"x-ms-visibility":"important"}],"x-ms-visibility":"important"}},"/api/now/doc/table/schema":{"get":{"summary":"Get Record Types","description":"Lists available record types","operationId":"GetRecordTypes","parameters":[],"responses":{"200":{"description":"OK","schema":{"$ref":"#/definitions/GetTypesResponse"}}},"deprecated":false,"x-ms-visibility":"advanced"}}},"definitions":{"GetTypesResponse":{"type":"object","properties":{"result":{"description":"Result set of all record types for current instance","type":"array","items":{"type":"object","properties":{"label":{"description":"Display name of the record type.","type":"string","x-ms-summary":"Value"}}}}}}},"parameters":{"SysIdParameter":{"name":"sys_id","in":"path","type":"string","required":true,"x-ms-summary":"System ID","description":"System ID of the record","x-ms-visibility":"important","x-ms-url-encoding":"single"},"DisplaySystemRefs":{"name":"sysparm_display_value","in":"query","type":"boolean","required":false,"x-ms-summary":"Display System References","description":"Determines if system references should be included","x-ms-visibility":"advanced","default":false},"DisplayInputSystemRefs":{"name":"sysparm_input_display_value","in":"query","type":"boolean","required":false,"x-ms-summary":"Display Input System References","description":"Flag that indicates whether to set field values using the display value or the actual value","x-ms-visibility":"advanced","default":false},"ExcludeRefLinks":{"name":"sysparm_exclude_reference_link","in":"query","type":"boolean","required":true,"x-ms-summary":"Exclude Reference Links","description":"Determines if reference links should be excluded","x-ms-visibility":"advanced","default":true},"SysParmFields":{"name":"sysparm_fields","in":"query","required":false,"type":"string","x-ms-summary":"Fields to return in response","x-ms-visibility":"advanced","description":"Fields to return in response"}},"responses":{},"securityDefinitions":{"oauth2_auth":{"type":"oauth2","flow":"accessCode","authorizationUrl":"https://@environmentVariables(\"snw_InstanceName\").service-now.com/oauth_auth.do","tokenUrl":"https://@environmentVariables(\"snw_InstanceName\").service-now.com/oauth_token.do","scopes":{}}},"security":[{"oauth2_auth":[]}],"tags":[],"x-ms-connector-metadata":[{"propertyName":"Website","propertyValue":"https://www.servicenow.com/"},{"propertyName":"Privacy policy","propertyValue":"https://www.servicenow.com/privacy-statement.html"},{"propertyName":"Categories","propertyValue":"IT Operations"}]}